<?xml version="1.0" encoding="UTF-8"?>
<project-private xmlns="http://www.netbeans.org/ns/project-private/1">
    <editor-bookmarks xmlns="http://www.netbeans.org/ns/editor-bookmarks/2" lastBookmarkId="0"/>
    <open-files xmlns="http://www.netbeans.org/ns/projectui-open-files/2">
        <group name="Object Orientation">
            <file>file:/C:/Users/Adam/Documents/ObjOr/PProject2v3/src/pproject2/Keyword.java</file>
            <file>file:/C:/Users/Adam/Documents/ObjOr/PProject2v3/src/pproject2/Actor.java</file>
            <file>file:/C:/Users/Adam/Documents/ObjOr/PProject2v3/src/pproject2/Rental.java</file>
            <file>file:/C:/Users/Adam/Documents/ObjOr/PProject2v3/src/pproject2/Customer.java</file>
            <file>file:/C:/Users/Adam/Documents/ObjOr/PProject2v3/src/pproject2/Application.java</file>
            <file>file:/C:/Users/Adam/Documents/ObjOr/PProject2v3/src/pproject2/Controller.java</file>
            <file>file:/C:/Users/Adam/Documents/ObjOr/PProject2v3/src/pproject2/Payment.java</file>
            <file>file:/C:/Users/Adam/Documents/ObjOr/PProject2v3/src/pproject2/Movie.java</file>
        </group>
    </open-files>
</project-private>
